themes,notes,lines,song
1,,27,1
1,,54,1
1,,76,1
3,,2,2
3,,4,2
3,,5,2
3,,8,2
4,,22,2
4,,24,2
4,,26,2
5,,59,2
6,,4-8,3
6,,36-46,3
6,,51-52,3
6,,57-58,3
6,,84-93,3
7,,106-109,3
8,,115-118,3
1,,139,3
6,,143-147,3
7/6,,148-149,3
6,,151-161,3
10,,25,5
10,,34,5
10,,61-64,5
10,,75,5
7,,10,8
7,,13,8
7,,17,8
7,,19,8
11,,34,8
11,,57,8
3,,85,8
3,,87,8
3,,90,8
3,,104,8
3,,106,8
3,,108,8
3,,110,8
3,,114,8
3,,116,8
12,,127,8
6,,133-136,8
7/3,,146,8
7,,148-149,8
7,,151,8
13,,9-10,10
13,,23,10
13,,27,10
13,,60-61,10
13,,65,10
13,,87,10
